{"cameraMode":{"drawMode":0,"name":"Shaded","section":"Shading Mode"},"sceneLighting":false,"audioPlay":false,"sceneViewState":{"m_AlwaysRefresh":false,"showFog":true,"showSkybox":false,"showFlares":true,"showImageEffects":true,"showParticleSystems":true,"showVisualEffectGraphs":true,"m_FxEnabled":true},"in2DMode":false,"pivot":{"x":0.14105165004730225,"y":0.36770278215408327,"z":0.2046724557876587},"rotation":{"x":-0.05363094061613083,"y":0.9074557423591614,"z":-0.12215624749660492,"w":-0.39840593934059145},"size":0.8660253882408142,"orthographic":false}